variant,ligand,log_g0,log_g0_err,log_ginf,log_ginf_err,log_ec50,log_ec50_err,n,n_err,log_ginf_g0_ratio,log_ginf_g0_ratio_err,ec50_spec,ec50_spec_err,g32_spec,g32_spec_err,log_g32_g0_ratio,log_g32_g0_ratio_err,log_g500,log_g500_err,log_g500_g0_ratio,log_g500_g0_ratio_err
RamR-RS501,1-DIQ,2.495045,0.02898424,4.53513,0.064590508,2.10953,0.080138014,1.748855,0.128059662,2.03973,0.073652659,0.3143675,0.127869968,0.200543792,0.039590653,0.986757987,0.043828227,4.496003443,0.04993876,2.000589724,0.059555266
RamR-RS501,1R-TIQ,2.495045,0.02898424,4.667805,0.17509747,2.612885,0.177676902,1.586545,0.153551971,2.174175,0.180646217,-0.44152,0.186932657,-0.454535416,0.047054879,0.550323182,0.052013772,4.422229493,0.073560533,1.927888998,0.079492568
RamR-RS501,1S-TIQ,2.495045,0.02898424,4.70023,0.084220618,2.2324,0.102234588,1.64554,0.12345029,2.207705,0.090500665,0.1272625,0.140795476,0.254798592,0.039049158,1.022776058,0.043004881,4.631297188,0.056313432,2.138127004,0.063784985
RamR-RS502,1-DIQ,1.836805,0.081704274,4.39574,0.063183531,2.136105,0.065515114,2.221845,0.169064827,2.559325,0.107039511,0.20771,0.103885457,0.120108537,0.062597582,1.167080191,0.094347681,4.370996559,0.053077379,2.535243899,0.099831018
RamR-RS502,1R-TIQ,1.836805,0.081704274,4.554465,0.199589723,2.59718,0.155041563,2.09854,0.222919289,2.728735,0.218693309,-0.4854,0.16251023,-0.782864826,0.084747568,0.566768772,0.107042603,4.338530875,0.088897923,2.502936893,0.121052372
RamR-RS502,1S-TIQ,1.836805,0.081704274,4.626495,0.057434279,2.08494,0.060704223,2.14805,0.139103709,2.79272,0.099182062,0.2833875,0.105462982,0.665252454,0.057056887,1.529696668,0.089016273,4.605874361,0.049693385,2.770435144,0.094480267
RamR-RS503,1-DIQ,1.509815,0.264421554,4.23923,0.108879983,2.37932,0.087104353,2.440655,0.209155326,2.743225,0.292925333,0.380535,0.15739927,0.306223586,0.107210815,0.693535628,0.258281843,4.171444315,0.070868805,2.667882697,0.27603465
RamR-RS503,1R-TIQ,1.509815,0.264421554,4.353355,0.418443361,2.975835,0.249075969,2.23554,0.326174314,2.88472,0.497089496,-0.499075,0.259801334,-0.498818104,0.14197139,0.149463556,0.172109833,3.62956436,0.128952752,2.127512544,0.292009572
RamR-RS503,1S-TIQ,1.509815,0.264421554,4.55899,0.163099,2.55153,0.107253552,2.44121,0.184486053,3.072075,0.315307227,0.1191475,0.172593452,0.201181656,0.100430158,0.620226538,0.248976528,4.398384172,0.083150208,2.893314651,0.278277876
RamR-RS504,1-DIQ,2.330385,0.01794964,4.70548,0.174691152,2.985145,0.137632873,1.652015,0.071403548,2.378255,0.176727443,0.102055,0.155283788,0.087019952,0.021133329,0.26870167,0.021291745,4.110918826,0.031238136,1.779977017,0.036641772
RamR-RS504,1R-TIQ,2.330385,0.01794964,4.818515,0.170419809,3.213875,0.118927899,1.732895,0.065693437,2.486225,0.171839947,-0.2255625,0.144177223,-0.12640459,0.017107265,0.126120345,0.013374532,3.880477562,0.028906102,1.550202868,0.033111371
RamR-RS504,1S-TIQ,2.330385,0.01794964,4.86631,0.113608677,2.9928,0.082629332,1.799115,0.056388966,2.536355,0.114989067,0.10183,0.120287672,0.039871261,0.018778621,0.237083343,0.0175755,4.226707906,0.023335538,1.896756636,0.029122677
RamR-RS505,1-DIQ,1.502025,0.166719282,4.377495,0.297353954,2.85559,0.181555203,2.188235,0.165145455,2.90348,0.344317665,0.06784,0.20735562,0.128983519,0.066987124,0.268738735,0.110134813,3.86728521,0.066228348,2.362006106,0.177533553
RamR-RS505,1R-TIQ,1.502025,0.166719282,4.47609,0.356329972,3.09627,0.18562298,2.46795,0.235872681,3.00791,0.396043432,-0.260345,0.215626946,-0.195487345,0.072634185,0.049969198,0.044926911,3.46527586,0.064264156,1.964722276,0.175847752
RamR-RS505,1S-TIQ,1.502025,0.166719282,4.532155,0.198731074,2.76618,0.110729932,2.53269,0.153719865,3.06118,0.258106152,0.2002875,0.168803058,0.066706807,0.053817873,0.227175613,0.095382983,4.13145061,0.050841552,2.628141787,0.173747678
RamR-RS506,1-DIQ,1.90375,0.049996077,4.557745,0.023522505,2.09955,0.025649103,2.16932,0.059968061,2.654385,0.056146832,0.169555,0.037628844,0.275025096,0.020689716,1.363345225,0.051228568,4.536506564,0.020316049,2.633708211,0.054647916
RamR-RS506,1R-TIQ,1.90375,0.049996077,4.53398,0.06521989,2.513155,0.051900928,2.136235,0.075095863,2.63397,0.082708303,-0.4532675,0.05439735,-0.870620914,0.028178299,0.599228102,0.046903346,4.387265049,0.032621831,2.484919466,0.059481711
RamR-RS506,1S-TIQ,1.90375,0.049996077,4.62372,0.019414723,2.02136,0.020634169,2.175875,0.050080513,2.72114,0.054355071,0.286605,0.035584972,0.596268737,0.019489501,1.576150939,0.050676217,4.609235592,0.017626123,2.706902576,0.053590949
RamR-RS507,1-DIQ,2.276125,0.022471869,4.494005,0.252112365,3.032115,0.244851825,1.34958,0.078521924,2.21741,0.254759007,-0.198615,0.267514233,-0.041070836,0.021444242,0.385851426,0.02622878,3.921571899,0.0388222,1.644701703,0.044650418
RamR-RS507,1R-TIQ,2.276125,0.022471869,4.467595,0.318378956,3.20725,0.231599799,1.68493,0.109090763,2.19444,0.320629668,-0.4395925,0.258996494,-0.49146617,0.021265987,0.085405713,0.015614143,3.576407209,0.036221436,1.299905496,0.041151902
RamR-RS507,1S-TIQ,2.276125,0.022471869,4.60771,0.055027313,2.482025,0.05631385,1.67002,0.051174801,2.330655,0.061204706,0.6436225,0.177459834,0.533256102,0.01953151,0.768769358,0.024957382,4.451755538,0.026111834,2.175233991,0.035225001
RamR-RS508,1-DIQ,2.32722,0.04125777,4.694565,0.06437637,2.0261,0.077615073,1.916965,0.146295378,2.36652,0.079528108,0.2146975,0.103048525,0.229518676,0.047871785,1.34312887,0.056460224,4.672095535,0.055002223,2.344433592,0.070912176
RamR-RS508,1R-TIQ,2.32722,0.04125777,4.752345,0.13360503,2.491095,0.118016698,1.90953,0.163360248,2.426355,0.141926672,-0.48271,0.126336825,-0.818193366,0.057109014,0.644866858,0.06797321,4.601806254,0.077386339,2.274235603,0.087515483
RamR-RS508,1S-TIQ,2.32722,0.04125777,4.85753,0.053995481,1.990095,0.065363325,1.870395,0.121380982,2.53128,0.069115895,0.2708225,0.096172561,0.589943584,0.044719791,1.583256865,0.052256614,4.837603679,0.047172071,2.51042992,0.063128454
RamR-RS510,1-DIQ,2.05358,0.040752255,4.607825,0.03183313,1.99327,0.039464224,1.95081,0.077130549,2.5541,0.053257503,0.319365,0.069997268,0.623964922,0.042511814,1.564824198,0.045531011,4.589806728,0.02799384,2.53600284,0.050563201
RamR-RS510,1R-TIQ,2.05358,0.040752255,4.544725,0.134029806,2.543675,0.111113785,2.096935,0.190371795,2.492515,0.144691489,-0.5068125,0.112897247,-0.998284131,0.07261925,0.483946232,0.081400386,4.374798669,0.056732795,2.321690299,0.071852172
RamR-RS510,1S-TIQ,2.05358,0.040752255,4.638565,0.032519132,2.07985,0.035722788,2.04344,0.068835694,2.58492,0.053863357,0.19082,0.067636547,0.375860707,0.041159287,1.399690901,0.045173788,4.615265604,0.027865771,2.562084006,0.050620955
RamR-RS511,1-DIQ,0.808292,0.567914409,4.494775,0.076526269,2.32158,0.0603936,2.66898,0.190754958,3.688455,0.576314178,0.189015,0.085586494,0.300529276,0.107723469,1.517641631,0.565412837,4.452974726,0.059926253,3.643586606,0.572981916
RamR-RS511,1R-TIQ,0.808292,0.567914409,4.59264,0.208528451,2.72401,0.114368417,2.636585,0.204611585,3.815995,0.614594981,-0.4147025,0.120169682,-0.904814059,0.147665461,0.687965734,0.49370361,4.249019425,0.079192335,3.438691381,0.573459533
RamR-RS511,1S-TIQ,0.808292,0.567914409,4.701875,0.068252636,2.297795,0.050138377,2.73965,0.164774909,3.909385,0.573021866,0.2272975,0.081506466,0.60991551,0.104464062,1.72817374,0.566325873,4.668282219,0.055917931,3.868251994,0.57111908
RamR-RS512,1-DIQ,2.54952,0.017055946,4.569395,0.043258813,2.181945,0.053325626,1.667515,0.072414506,2.01963,0.047899514,0.1923575,0.078857312,0.158335836,0.021132346,0.912967451,0.024619489,4.513102664,0.031199785,1.964144567,0.036309701
RamR-RS512,1R-TIQ,2.54952,0.017055946,4.644875,0.12432019,2.6563,0.113993528,1.6769,0.088694453,2.094565,0.127022382,-0.5194425,0.118368893,-0.631969319,0.02478926,0.386266239,0.026878405,4.38127652,0.041816787,1.830954178,0.045598699
RamR-RS512,1S-TIQ,2.54952,0.017055946,4.667485,0.030926647,2.08951,0.039977874,1.679735,0.058414687,2.11844,0.036842648,0.33035,0.075432993,0.473888966,0.019396566,1.124143337,0.021927373,4.628388102,0.023977862,2.079240379,0.030423643
RamR-RS513,1-DIQ,1.856505,0.059813405,4.55107,0.03819753,2.14161,0.040963871,2.112035,0.088380795,2.69585,0.072908506,0.1458025,0.054065262,0.328257476,0.033023554,1.349954938,0.064287234,4.522890989,0.031744127,2.666610485,0.068976519
RamR-RS513,1R-TIQ,1.856505,0.059813405,4.47814,0.087473969,2.48444,0.068576623,2.2652,0.124049408,2.624825,0.107634958,-0.368225,0.072370152,-0.882314696,0.045050071,0.543939498,0.063021218,4.353841331,0.047286772,2.498506472,0.076336801
RamR-RS513,1S-TIQ,1.856505,0.059813405,4.61824,0.028345216,2.08921,0.030237073,2.141705,0.066394583,2.762425,0.067173987,0.22517,0.050078647,0.554536578,0.029931742,1.500400093,0.062307418,4.597115477,0.024663258,2.740620981,0.065349347
RamR-RS514,1-DIQ,1.931795,0.048778083,4.625445,0.026450664,2.036775,0.029046795,2.145085,0.066420202,2.692145,0.055903758,0.2133075,0.041830438,0.392113125,0.021823201,1.534152925,0.051691567,4.609281907,0.023637547,2.676110835,0.054481838
RamR-RS514,1R-TIQ,1.931795,0.048778083,4.555965,0.063105068,2.44326,0.053445197,2.10589,0.080822414,2.625685,0.081575338,-0.39847,0.055969959,-0.814725504,0.027300213,0.730401727,0.049674011,4.444936514,0.035795003,2.512769128,0.061359466
RamR-RS514,1S-TIQ,1.931795,0.048778083,4.671065,0.024972848,2.0533,0.027191556,2.12645,0.060587615,2.738165,0.055592034,0.18673,0.039907355,0.422634844,0.020707713,1.555573975,0.050551275,4.653241464,0.022107354,2.719770604,0.054148006
RamR-RS515,1-DIQ,2.039535,0.039746997,4.64043,0.026892427,2.027605,0.030401986,2.04259,0.06417016,2.60143,0.048457048,0.23868,0.04607767,0.349129602,0.02214892,1.509756765,0.043095009,4.622151527,0.023783731,2.583415923,0.046492383
RamR-RS515,1R-TIQ,2.039535,0.039746997,4.630005,0.072744095,2.484795,0.063984358,1.94355,0.082239539,2.59091,0.085574704,-0.4477025,0.067261368,-0.774615472,0.029389539,0.760119356,0.045339848,4.4884407,0.036794862,2.448879733,0.055354538
RamR-RS515,1S-TIQ,2.039535,0.039746997,4.704635,0.026094623,2.047445,0.029481286,1.990685,0.055989579,2.665105,0.048575217,0.20891,0.045467178,0.426649717,0.021642535,1.561251302,0.041843473,4.682981539,0.0228063,2.643477907,0.046495868
RamR-RS516,1-DIQ,1.70864,0.078189094,4.49423,0.018827667,2.08438,0.019371094,2.41076,0.069282171,2.7861,0.080171314,0.2313925,0.030476718,0.389343093,0.029871772,1.389754666,0.07787354,4.480067728,0.016745428,2.771544431,0.079745078
RamR-RS516,1R-TIQ,1.70864,0.078189094,4.44416,0.057196834,2.513645,0.04454521,2.319495,0.102286356,2.738865,0.097944458,-0.4120225,0.046010742,-0.883623832,0.046833157,0.540839069,0.073972586,4.306195763,0.027434072,2.597862276,0.082785215
RamR-RS516,1S-TIQ,1.70864,0.078189094,4.59123,0.016230377,2.118475,0.015671159,2.31577,0.04283351,2.882095,0.080036313,0.18062,0.028696942,0.495982433,0.027951576,1.459168489,0.07748448,4.571917524,0.01427669,2.862661213,0.079529809
RamR-RS520,1-DIQ,4.92808,0.001382236,2.176495,1.534641396,2.91145,0.100854998,1.82533,0.293870972,-2.751415,1.534611601,0.120075,0.149951027,-0.000296915,0.000942923,-0.001152627,0.000816146,4.787615289,0.020098896,-0.140385016,0.020094439
RamR-RS520,1R-TIQ,4.92808,0.001382236,2.255205,1.61039752,3.10645,0.181180035,1.662365,0.350458767,-2.67258,1.610376378,-0.1778775,0.200971262,2.00E-05,0.00098917,-0.000891484,0.000882977,4.851977914,0.015028578,-0.076064751,0.015172708
RamR-RS520,1S-TIQ,4.92808,0.001382236,2.469535,1.624772622,2.96382,0.127708822,1.951745,0.331472075,-2.458215,1.62474846,0.0501175,0.161780398,0.000477001,0.000771166,-0.000596735,0.000517472,4.821381823,0.01480163,-0.106740903,0.014904404
pRamR-1155,1-DIQ,1.911715,0.045234093,0.529737,0.601917831,2.72676,0.103248323,2.050825,0.379827195,-1.383345,0.598505519,0.267115,0.179273726,-0.000319566,0.001666901,-0.00125085,0.001453517,1.674620282,0.092869015,-0.23855575,0.061318688
pRamR-1155,1R-TIQ,1.911715,0.045234093,0.733763,0.689919465,3.007205,0.226187398,1.88982,0.455163038,-1.178335,0.688343534,-0.1609375,0.248311301,0.000673185,0.001400163,-0.000537786,0.00097765,1.830933705,0.060151415,-0.081508366,0.027261635
pRamR-1155,1S-TIQ,1.911715,0.045234093,0.681336,0.670111918,2.967035,0.222028232,1.771655,0.457876641,-1.21778,0.668661804,-0.099995,0.247649527,2.26E-05,0.001831901,-0.00099945,0.001750646,1.808458243,0.064137756,-0.104100357,0.031196088
pRamR-13902,1-DIQ,2.632595,0.059157858,4.75876,0.040699541,1.802185,0.058771137,1.918635,0.155452303,2.12655,0.072512068,0.1826825,0.079232693,0.187714251,0.035326407,1.463001718,0.067074802,4.750490851,0.036898681,2.117653433,0.070150986
pRamR-13902,1R-TIQ,2.632595,0.059157858,4.766585,0.070468544,2.18803,0.086538753,1.638875,0.107884347,2.13552,0.096068991,-0.3990375,0.095064442,-0.476153854,0.030970499,1.021654188,0.066179706,4.706869326,0.04948932,2.075557152,0.078880338
pRamR-13902,1S-TIQ,2.632595,0.059157858,4.782275,0.038610446,1.7748,0.052319321,1.8959,0.130396006,2.15087,0.071836699,0.22217,0.072991219,0.288917191,0.032684074,1.530676079,0.064668321,4.774657079,0.03582695,2.142861917,0.06998707
pRamR-15553,1-DIQ,3.11864,0.013859209,2.707395,0.366326482,1.56905,0.123280997,1.61532,0.420375058,-0.4113165,0.367572093,0.514095,0.271526493,-0.090815646,0.019338574,-0.1387448,0.022630277,2.718132475,0.062828853,-0.400798992,0.064967854
pRamR-15553,1R-TIQ,3.11864,0.013859209,2.895165,0.816163277,1.81928,0.452044618,1.28552,0.580641981,-0.224749,0.816800938,0.0827475,0.460172894,0.031863742,0.017017845,-0.05560816,0.020202821,2.916319417,0.041537718,-0.20301755,0.043241096
pRamR-15553,1S-TIQ,3.11864,0.013859209,2.436435,1.048284795,2.340075,0.257165514,1.174685,0.465644803,-0.684437,1.049723771,-0.5165425,0.346996769,0.059180935,0.016913207,-0.036983784,0.017494613,2.782403127,0.067893834,-0.337390218,0.068442227
pRamR-19994,1-DIQ,3.18726,0.013407408,4.153595,0.063289002,2.190215,0.110704306,1.311085,0.123075718,0.9666945,0.066756754,0.7399275,0.524320049,0.262173191,0.01610261,0.284997515,0.020549331,4.07875062,0.032005929,0.892352494,0.036004559
pRamR-19994,1R-TIQ,3.18726,0.013407408,3.38895,0.582659773,2.824105,0.762330868,1.302955,0.566138848,0.203918,0.583774742,-0.269615,0.81387699,-0.145846877,0.012253103,0.010036469,0.01134001,3.28854976,0.036099239,0.103051621,0.040225857
pRamR-19994,1S-TIQ,3.18726,0.013407408,3.707735,0.347604622,2.94401,0.631384093,1.06613,0.398234941,0.5205185,0.347120945,-0.42148,0.720916124,-0.115846801,0.012455474,0.031712804,0.015028013,3.446689803,0.043660849,0.261042702,0.044598127
pRamR-2048,1-DIQ,3.20455,0.005388723,2.150865,0.062667061,1.38447,0.0160874,1.1038,0.04739758,-1.053555,0.062598397,1.0163125,0.152241943,-0.285483848,0.006112542,-0.323498381,0.007212317,2.282357746,0.029746121,-0.922335664,0.029121374
pRamR-2048,1R-TIQ,3.20455,0.005388723,2.861375,0.880686475,2.23989,0.286464051,1.07923,0.293734318,-0.343848,0.88199189,-0.2721425,0.290752342,0.148526504,0.006501353,-0.034288457,0.008381418,2.972528237,0.024069339,-0.232651069,0.025049682
pRamR-2048,1S-TIQ,3.20455,0.005388723,1.01492,0.924288492,2.568285,0.079541112,0.930109,0.096422954,-2.18782,0.924616772,-0.737835,0.162933992,0.13682619,0.005825201,-0.041741516,0.006421948,2.853505276,0.027867764,-0.351180927,0.026565055
pRamR-25365,1-DIQ,2.68536,0.078964601,4.73786,0.034957393,1.33599,0.064866604,2.39401,0.447642315,2.05218,0.086304985,-0.170509,0.084190807,-0.013856482,0.053449224,1.904881227,0.09194781,4.737314731,0.03435471,2.051424414,0.085937328
pRamR-25365,1R-TIQ,2.68536,0.078964601,4.69597,0.035305955,1.341655,0.061383415,2.087435,0.366796765,2.012785,0.08756511,-0.17809475,0.083462814,-0.101114134,0.045361001,1.847257781,0.086556535,4.695115166,0.034275636,2.011493581,0.087100458
pRamR-25365,1S-TIQ,2.68536,0.078964601,4.72185,0.028723157,0.998167,0.089007538,1.96411,0.550940048,2.038215,0.084290667,0.3479465,0.101126863,0.116561247,0.039745891,1.991966803,0.082227781,4.721039404,0.027846422,2.037131456,0.083931269
pRamR-46536,1-DIQ,3.206805,0.015186147,1.94783,0.087494687,1.752725,0.06082231,1.96238,0.255307941,-1.25902,0.090054297,0.7454525,0.17798257,-0.092369345,0.037076648,-0.115446177,0.040236531,2.039637726,0.049443291,-1.166858728,0.0502509
pRamR-46536,1R-TIQ,3.206805,0.015186147,1.776015,1.112826031,2.63166,0.317696338,1.227805,0.478111485,-1.42942,1.112632232,-0.558105,0.324972102,0.050554573,0.021664226,-0.017798644,0.014443225,2.945235887,0.086626575,-0.26251042,0.087687058
pRamR-46536,1S-TIQ,3.206805,0.015186147,1.413365,1.017822675,2.399175,0.139672648,1.388165,0.383351744,-1.78975,1.017902381,-0.212335,0.211114667,0.041970734,0.02324134,-0.02364159,0.014995256,2.731863611,0.109689477,-0.476293798,0.109561535
pRamR-473,1-DIQ,2.648465,0.065072408,4.74711,0.064723177,2.071575,0.070571984,2.12761,0.187509031,2.100705,0.094739537,-0.3925375,0.082736311,-0.656769977,0.046745376,0.920405011,0.08123264,4.72735098,0.05647332,2.080283119,0.087433178
pRamR-473,1R-TIQ,2.648465,0.065072408,4.76997,0.055841504,1.96102,0.069449943,1.9107,0.143149455,2.121745,0.088313926,-0.225285,0.083181639,-0.206661411,0.039529956,1.219780539,0.073830512,4.752854612,0.048691417,2.104719804,0.082610417
pRamR-473,1S-TIQ,2.648465,0.065072408,4.780005,0.03377233,1.3926,0.054662011,2.08561,0.285707089,2.132025,0.073308912,0.622305,0.07307539,0.863184395,0.041608698,1.932456046,0.073440959,4.778858302,0.0328053,2.130833918,0.072912357
pRamR-5255,1-DIQ,2.41899,0.074264115,4.68377,0.034786812,1.616415,0.053045297,1.94991,0.179623941,2.2675,0.080924458,0.29623,0.07327796,0.352925284,0.035859098,1.846799241,0.080463945,4.680349856,0.033033293,2.263328807,0.080095436
pRamR-5255,1R-TIQ,2.41899,0.074264115,4.68722,0.070006263,2.165425,0.084654731,1.676305,0.108304822,2.271795,0.108177435,-0.5285925,0.092832533,-0.680537771,0.032197791,1.156621743,0.0804932,4.634689682,0.050217286,2.218267482,0.0930427
pRamR-5255,1S-TIQ,2.41899,0.074264115,4.71527,0.036144267,1.655895,0.055060902,1.938885,0.159433567,2.29807,0.08229207,0.23603,0.07564258,0.327607571,0.035268318,1.829784153,0.079431857,4.711169252,0.033975564,2.293902146,0.081331799
pRamR-6585,1-DIQ,3.04085,0.00512491,1.20038,0.939208099,2.754185,0.086477938,2.02161,0.328873834,-1.84172,0.93920613,0.42583,0.230237809,0.000500356,0.002397704,-0.001296625,0.001212148,2.811039854,0.039775858,-0.23019132,0.039662577
pRamR-6585,1R-TIQ,3.04085,0.00512491,1.382475,1.081123466,3.37799,0.396579591,1.228425,0.55426236,-1.656675,1.08081506,-0.529605,0.409060705,-0.000775299,0.003859385,-0.002112558,0.004037479,2.987883743,0.020679211,-0.05321457,0.021153139
pRamR-6585,1S-TIQ,3.04085,0.00512491,1.241495,1.005792126,2.95657,0.169821333,1.78298,0.422969618,-1.800245,1.005684446,0.119435,0.265680732,0.000730554,0.002359164,-0.001065054,0.001555287,2.924996909,0.027693464,-0.115939979,0.027712059
pRamR-6982,1-DIQ,3.169425,0.003388937,3.07277,1.462069255,3.785945,0.34124411,2.014865,0.561445851,-0.0983436,1.462393436,-0.0240725,0.41630254,5.79E-05,0.000549053,-2.52E-08,0.000490517,3.17100279,0.020593037,-6.17E-05,0.020770091
pRamR-6982,1R-TIQ,3.169425,0.003388937,1.84406,1.296062208,3.773835,0.316511445,2.037985,0.560854439,-1.325615,1.296124271,-0.03431,0.385941824,-2.03E-05,0.000471409,-8.15E-06,0.000349625,3.165684619,0.01018871,-0.00273695,0.010064589
pRamR-6982,1S-TIQ,3.169425,0.003388937,1.90029,1.366822081,3.767985,0.323644496,2.0567,0.58040953,-1.267455,1.367044951,-0.020785,0.402831207,-1.55E-05,0.000487159,-5.63E-06,0.000393543,3.166281421,0.012088876,-0.002175058,0.01192954
pRamR-7753,1-DIQ,3.45148,0.006746478,1.29768,0.850472362,1.83433,0.027753507,1.185405,0.076452804,-2.15637,0.85130562,0.73516,0.104526488,-0.11562294,0.008598472,-0.145295711,0.010165582,2.449431296,0.051283005,-1.002487678,0.051485847
pRamR-7753,1R-TIQ,3.45148,0.006746478,1.652375,1.128033626,2.87328,0.19258617,1.08957,0.276127514,-1.79873,1.128548418,-0.8253625,0.196499943,0.081074319,0.007138834,-0.013292051,0.006801316,3.256650652,0.029126002,-0.194964187,0.028589103
pRamR-7753,1S-TIQ,3.45148,0.006746478,1.18382,0.936155948,2.26965,0.043715783,1.249895,0.129835696,-2.27092,0.936420217,0.083745,0.105491547,0.034729872,0.008210605,-0.045054292,0.008960786,2.835518281,0.042594438,-0.616705664,0.041671042
pRamR-8016,1-DIQ,2.566495,0.179802784,4.50948,0.029608263,1.49449,0.047520474,1.98747,0.202999103,1.94526,0.182320171,0.58433,0.078312933,0.688298382,0.033166843,1.656800165,0.182742639,4.507740321,0.028505458,1.942803231,0.182019713
pRamR-8016,1R-TIQ,2.566495,0.179802784,4.50846,0.074385872,2.229275,0.095517422,1.634655,0.132248577,1.944535,0.208910385,-0.5183,0.107787781,-0.596819434,0.033251445,0.798228751,0.187529154,4.439230499,0.046413478,1.871827923,0.188969526
pRamR-8016,1S-TIQ,2.566495,0.179802784,4.51496,0.052477677,1.92269,0.076238893,1.846215,0.196455026,1.95152,0.188411603,-0.0578825,0.092947531,-0.090944422,0.035169757,1.137146603,0.182780268,4.498688319,0.042014784,1.933839392,0.184772441
pRamR-9141,1-DIQ,2.772555,0.043802531,4.647315,0.033458583,1.52316,0.058065313,1.82265,0.202517596,1.87462,0.05537171,0.633835,0.096914142,0.702790649,0.034519395,1.561387195,0.052057244,4.644150025,0.031277013,1.870782724,0.054023589
pRamR-9141,1R-TIQ,2.772555,0.043802531,4.669575,0.123885924,2.45202,0.140993054,1.56858,0.14536395,1.89677,0.139469256,-0.7565075,0.146154587,-0.831793393,0.035570309,0.538306266,0.05776039,4.519942627,0.060921177,1.747944779,0.078148912
pRamR-9141,1S-TIQ,2.772555,0.043802531,4.63464,0.045111464,1.860035,0.066161843,1.715875,0.132843847,1.86326,0.063362462,0.1275575,0.101855276,0.128881739,0.030832626,1.179355984,0.050683511,4.618342392,0.038570165,1.847087692,0.058409844
pRamR-9593,1-DIQ,2.861195,0.043234067,4.838615,0.037347387,1.7508,0.056049565,1.825245,0.151417197,1.979525,0.058421708,0.2305325,0.07513283,0.269491938,0.032889186,1.408431312,0.051818002,4.8305637,0.033962799,1.970722882,0.056087933
pRamR-9593,1R-TIQ,2.861195,0.043234067,4.84654,0.066659421,2.217185,0.079520116,1.65329,0.106921448,1.988155,0.084266325,-0.4683625,0.08901235,-0.582474522,0.029108483,0.841845631,0.051793537,4.781404267,0.047040556,1.92253894,0.066396368
pRamR-9593,1S-TIQ,2.861195,0.043234067,4.85515,0.036432117,1.742775,0.053184488,1.803375,0.134023622,1.99493,0.05552032,0.24145,0.072619958,0.314071042,0.029442932,1.438561957,0.049813361,4.846445733,0.033415877,1.986814497,0.053500623
pRamR-D1.1,1-DIQ,2.5482,0.011869647,4.491735,0.011751789,2.007675,0.017453264,1.530455,0.024150332,1.943755,0.016682299,1.615905,0.218015695,1.083956912,0.010563383,1.134413393,0.012382009,4.455617184,0.008962406,1.907747576,0.014781345
pRamR-D1.1,1R-TIQ,2.5482,0.011869647,4.022555,0.423161569,3.63112,0.397480042,1.304975,0.119883576,1.47356,0.423500095,-0.8079925,0.404419092,-0.583983496,0.007692904,0.022120611,0.005005448,2.98540295,0.018043806,0.437406116,0.018923862
pRamR-D1.1,1S-TIQ,2.5482,0.011869647,4.781635,0.195583168,3.652915,0.164567711,1.36814,0.046811083,2.234255,0.196088463,-0.8239225,0.255104022,-0.499762605,0.006998241,0.078440718,0.007201426,3.504280015,0.016503288,0.956043088,0.018469671
pRamR-D1.inv,1-DIQ,3.39234,0.012293661,4.617085,0.073837928,2.4161,0.10473171,1.410115,0.102552263,1.22562,0.077790833,0.2928625,0.14079147,0.028976994,0.015009076,0.250043532,0.0196835,4.480690616,0.029487657,1.088181001,0.033055333
pRamR-D1.inv,1R-TIQ,3.39234,0.012293661,4.775105,0.155118291,3.057405,0.183220671,1.264705,0.094156551,1.382925,0.157209465,-0.653295,0.190914919,-0.196921657,0.013347603,0.099223848,0.01421085,4.238338582,0.027368781,0.846144314,0.028158852
pRamR-D1.inv,1S-TIQ,3.39234,0.012293661,4.69348,0.061673703,2.367735,0.090126613,1.35644,0.081844436,1.30112,0.065138803,0.362395,0.135469275,0.168397279,0.014080814,0.342597678,0.018065218,4.568305745,0.027204029,1.176693266,0.030848028
pRamR-D1.2,1-DIQ,2.78021,0.015255443,4.61196,0.093082249,2.53795,0.098888999,1.576575,0.083601904,1.83279,0.096261755,0.72976,0.202846721,0.342267669,0.019668934,0.405139439,0.023622724,4.422658471,0.037986775,1.64359564,0.041549194
pRamR-D1.2,1R-TIQ,2.78021,0.015255443,4.625285,0.278845675,3.299185,0.244270855,1.50298,0.138746705,1.84511,0.28091463,-0.3897775,0.266310538,-0.177121581,0.015038947,0.057755008,0.014567436,3.718536151,0.039173564,0.939345341,0.038614396
pRamR-D1.2,1S-TIQ,2.78021,0.015255443,4.593975,0.28220057,3.27572,0.249727133,1.47199,0.133320074,1.815455,0.283903229,-0.3648575,0.273181765,-0.165369205,0.015598807,0.066150351,0.014925577,3.733346218,0.042353574,0.954518402,0.042018362
pRamR-D2.1,1-DIQ,2.38979,0.016359164,4.54024,0.011159221,1.759575,0.018281782,1.50836,0.025410691,2.15119,0.020061376,1.6868775,0.22375179,1.541392072,0.015646568,1.623337309,0.017637339,4.524016167,0.009831275,2.134823822,0.019255401
pRamR-D2.1,1R-TIQ,2.38979,0.016359164,4.052755,0.441533904,3.605395,0.407335538,1.30214,0.139973588,1.665455,0.442001578,-1.0646125,0.41649684,-0.834858256,0.013442556,0.038857505,0.010044847,2.993029725,0.029462139,0.60431329,0.031171138
pRamR-D2.1,1S-TIQ,2.38979,0.016359164,4.68236,0.229304676,3.322615,0.178999995,1.52658,0.057982192,2.29527,0.230236929,-0.63562,0.270439348,-0.706185575,0.011813975,0.124799187,0.011337799,3.703962971,0.022681233,1.314324482,0.026836015
pRamR-D2.2,1-DIQ,2.244785,0.02910825,4.525235,0.034753351,2.205175,0.045815266,1.50932,0.046206705,2.281265,0.04565398,0.9315325,0.131700136,0.954445247,0.019092237,1.213090716,0.030591973,4.453687215,0.022808567,2.209306498,0.036986533
pRamR-D2.2,1R-TIQ,2.244785,0.02910825,4.607935,0.294692465,3.381975,0.213246926,1.665385,0.107032312,2.3628,0.297964236,-0.8316825,0.218516455,-0.75840197,0.022537174,0.070321731,0.015269706,3.466704703,0.032906079,1.222960516,0.040213514
pRamR-D2.2,1S-TIQ,2.244785,0.02910825,4.706815,0.136709696,2.89534,0.115212957,1.585985,0.053339188,2.462505,0.142287121,-0.108695,0.155051297,-0.195641284,0.017812312,0.445964263,0.029044573,4.225023756,0.028912788,1.980194096,0.040622216
pRamR-D2.3,1-DIQ,1.886955,0.053217982,4.707115,0.01517759,1.89241,0.01848337,2.089195,0.046038793,2.820155,0.056386674,1.3866825,0.252102029,1.889961603,0.04699448,1.952600469,0.053878945,4.698172642,0.01420432,2.811314983,0.055987488
pRamR-D2.3,1R-TIQ,1.886955,0.053217982,3.59174,0.696104946,3.32498,0.446279075,1.925635,0.413679709,1.716645,0.697646923,-0.7822375,0.460257044,-1.023147407,0.036070581,0.007886191,0.010134209,2.495930804,0.080066072,0.609785703,0.091085616
pRamR-D2.3,1S-TIQ,1.886955,0.053217982,4.493135,0.342467683,3.235855,0.230125958,1.81445,0.134997861,2.61202,0.348437477,-0.6058825,0.319152222,-0.866331976,0.028080676,0.114037449,0.029227162,3.484602602,0.039491705,1.598353426,0.06430015
pRamR-D2.4,1-DIQ,1.26034,0.466223441,4.177785,0.01183168,1.68202,0.016376291,2.441845,0.077881387,2.91826,0.466575886,1.5106975,0.239932673,2.162260115,0.22789693,2.350331181,0.465411797,4.176349077,0.011598987,2.917119893,0.466539838
pRamR-D2.4,1R-TIQ,1.26034,0.466223441,3.509535,0.744498853,3.361225,0.45302158,1.96304,0.408334825,2.39469,0.85035267,-1.0095675,0.462026377,-1.317667203,0.302268545,0.023182935,0.16196808,2.283407243,0.11552251,1.018946755,0.458052452
pRamR-D2.4,1S-TIQ,1.26034,0.466223441,4.53988,0.260240963,3.025155,0.163576428,2.097915,0.148424968,3.32956,0.556141644,-0.49833,0.281793221,-0.823058966,0.105289896,0.352168065,0.378654699,3.777227509,0.033376058,2.51784869,0.464067811
pRamR-D2.6,1-DIQ,0.593255,0.572490911,4.4984,0.024702271,1.03705,0.071843338,2.18387,0.553548925,3.902095,0.57228807,1.734575,0.28632783,3.172740817,0.260528766,3.85971477,0.57253991,4.498052125,0.024035147,3.90084954,0.5723258
pRamR-D2.6,1R-TIQ,0.593255,0.572490911,3.882565,1.271133681,3.168735,0.555001136,2.419895,0.628036767,3.28916,1.414002533,-1.4685775,0.558659666,-2.34318766,0.449459136,0.075137107,0.292458658,2.789104467,0.737908768,2.037717361,0.940021079
pRamR-D2.6,1S-TIQ,0.593255,0.572490911,4.369365,0.103207055,2.361275,0.07109877,3.06567,0.285948562,3.7829,0.58081091,-0.2654625,0.292776926,-0.822726081,0.237072926,1.18328274,0.552871221,4.329816431,0.080293695,3.73402969,0.576211954
pRamR-D2.inv,1-DIQ,2.330445,0.0190139,4.62031,0.292873131,3.45611,0.220205231,1.565485,0.08421583,2.291385,0.294017901,-0.007955,0.278547848,0.033425146,0.009740346,0.069772055,0.010417348,3.440776225,0.028518798,1.110231916,0.032284835
pRamR-D2.inv,1R-TIQ,2.330445,0.0190139,4.379465,0.405226306,3.42679,0.280311928,1.750735,0.144081684,2.053095,0.406860118,0.0296125,0.311367421,-0.038851332,0.007753175,0.021428421,0.005515604,3.162428192,0.027239771,0.831038642,0.030975501
pRamR-D2.inv,1S-TIQ,2.330445,0.0190139,4.618565,0.296162539,3.49811,0.216536724,1.60558,0.083427908,2.285495,0.297396224,-0.0653225,0.264947618,0.005421634,0.008272605,0.05111928,0.008222533,3.356887172,0.02394855,1.026372807,0.028634097
pRamR-H70,1-DIQ,2.361915,0.02699569,3.827305,0.034979036,2.16851,0.03981347,2.083085,0.119358177,1.46556,0.049140115,0.0696475,0.048753816,-0.066661145,0.020862134,0.326656502,0.031893135,3.795685728,0.025947562,1.433498005,0.040692281
pRamR-H70,1R-TIQ,2.361915,0.02699569,3.981215,0.027093064,2.12965,0.033317045,1.915895,0.080250622,1.61984,0.041287973,0.1297375,0.045625549,0.245573636,0.018452028,0.534985694,0.030075574,3.948021293,0.020470879,1.586504255,0.035817501
pRamR-H70,1S-TIQ,2.361915,0.02699569,3.916955,0.05148448,2.34678,0.054927293,1.94764,0.110488923,1.55594,0.06373755,-0.197065,0.057188354,-0.178874714,0.020296533,0.251137802,0.028773193,3.837910968,0.029374141,1.47591453,0.042609506
pRamR-H80,1-DIQ,0.3691975,0.424087689,0.6929695,0.860850762,2.956845,1.067984942,1.812805,0.662124339,0.3717865,0.936336215,-0.232755,1.386827743,0.09439601,0.248230374,0.000587507,0.236806656,0.596050948,0.388255488,0.0776511,0.390667856
pRamR-H80,1R-TIQ,0.3691975,0.424087689,0.546326,0.949547966,3.08043,1.031193655,1.858445,0.622679981,0.2307205,1.037871947,-0.41142,1.264554998,0.015707089,0.187150992,9.95E-05,0.14865251,0.470424754,0.40011875,0.023999389,0.380583763
pRamR-H80,1S-TIQ,0.3691975,0.424087689,0.165515,0.889687339,2.27809,1.220575488,1.832315,0.678621588,-0.188317,1.039521661,0.52236625,1.466577945,-0.138370366,0.24067911,-0.001173391,0.252642349,0.128738966,0.407327219,-0.046715299,0.452435369
pRamR-H90,1-DIQ,0.785355,0.525884005,2.582285,0.776177128,2.732785,0.593887363,1.67774,0.554854215,1.99462,0.924985735,0.3401625,0.719117616,0.234269848,0.316212268,0.302740488,0.386737916,2.221545454,0.272843151,1.513964282,0.572792621
pRamR-H90,1R-TIQ,0.785355,0.525884005,1.55038,1.30547105,3.38825,0.858916099,1.9525,0.63023362,0.853146,1.358247934,-0.5017925,0.897018327,-0.18873985,0.262569444,0.001048899,0.142901328,1.102243454,0.49059138,0.183608272,0.46639326
pRamR-H90,1S-TIQ,0.785355,0.525884005,4.6013,0.27850248,2.98873,0.120830626,3.01819,0.256700764,3.83113,0.596298583,0.0419525,0.543342404,-0.037534559,0.16905995,0.093624485,0.203776753,3.675574402,0.011464656,2.892889399,0.525671571
pRamR-R1.1,1-DIQ,0.785214,0.589208876,4.31177,0.480360009,3.069145,0.281186566,2.203285,0.35363669,3.53608,0.762903598,-0.5308675,0.328506309,-0.803045667,0.214742136,0.345503278,0.43794524,3.405613577,0.157524983,2.598303928,0.594020886
pRamR-R1.1,1R-TIQ,0.785214,0.589208876,3.82951,0.034454324,1.933475,0.040023949,2.39548,0.169005333,3.043025,0.590800307,1.1627325,0.2306557,1.515358154,0.216549189,1.98521656,0.589023383,3.823025274,0.032017021,3.033975567,0.590373777
pRamR-R1.1,1S-TIQ,0.785214,0.589208876,4.06559,0.498013688,3.130385,0.351022776,1.867655,0.303597087,3.36139,0.804451834,-0.6374825,0.374854379,-0.654031489,0.1687426,0.476794986,0.469383995,3.210066662,0.085109432,2.412873109,0.589014929
pRamR-R1.inv,1-DIQ,2.98333,0.004456415,4.295665,0.167235829,3.68426,0.254143604,0.848704,0.024891011,1.31249,0.167791031,-2.0453625,0.279066935,0.332363356,0.004475161,0.10493421,0.003318425,3.525871021,0.005873001,0.542667355,0.006655239
pRamR-R1.inv,1R-TIQ,2.98333,0.004456415,2.13906,0.033360681,1.1306,0.011199947,0.966527,0.033874591,-0.843898,0.030862112,1.786025,0.161644205,-0.417400304,0.006410018,-0.394990438,0.006783152,2.20996775,0.023910327,-0.773338474,0.020881243
pRamR-R1.inv,1S-TIQ,2.98333,0.004456415,2.674245,0.276277173,2.116515,0.21302402,0.765455,0.092270324,-0.30871,0.276658485,0.2792225,0.253858699,0.085028908,0.003195353,-0.060052503,0.003483224,2.779257783,0.01000041,-0.203900436,0.008988411
pRamR-R1.2,1-DIQ,1.94092,0.047940016,4.51138,0.105006372,2.685655,0.060592268,2.57648,0.093351423,2.573755,0.120151705,-0.2145,0.06631417,-0.570878636,0.021822871,0.126336377,0.022026537,4.227089162,0.03587777,2.286349689,0.060527627
pRamR-R1.2,1R-TIQ,1.94092,0.047940016,4.82481,0.01788904,2.14265,0.014930577,2.55599,0.042715849,2.88409,0.051807395,0.60308,0.044748844,1.141606993,0.034206906,1.268392606,0.048232059,4.808634204,0.016154941,2.867677429,0.051054284
pRamR-R1.2,1S-TIQ,1.94092,0.047940016,4.740255,0.10673661,2.802145,0.058306683,2.523165,0.074150093,2.802315,0.120427718,-0.38506,0.065084463,-0.570545363,0.021711139,0.126040302,0.019746858,4.290935349,0.026051135,2.349937306,0.053530635
pRamR-R2.1,1-DIQ,2.34464,0.018083187,4.499885,0.359600604,3.602115,0.302334716,1.378765,0.082255035,2.155645,0.359830712,-0.7599775,0.310882603,-0.637553994,0.013447625,0.075864774,0.010926865,3.287503353,0.029653902,0.94282636,0.032047547
pRamR-R2.1,1R-TIQ,2.34464,0.018083187,4.77027,0.021026776,2.28224,0.02653113,1.46113,0.021110353,2.426805,0.028449913,1.21068,0.172502361,1.169842731,0.015048611,1.281240355,0.01837975,4.675097939,0.01274663,2.330927236,0.022479704
pRamR-R2.1,1S-TIQ,2.34464,0.018083187,4.78228,0.190977407,3.42215,0.153124045,1.480685,0.057778223,2.43824,0.192891023,-0.4726775,0.213333946,-0.532485151,0.013518988,0.145918658,0.014490607,3.692952763,0.024001479,1.348661998,0.028620575
pRamR-R2.2,1-DIQ,0.8724945,0.509134459,3.80502,0.097775018,2.67674,0.069796723,2.1985,0.102475785,2.946655,0.521494647,-0.00169,0.103785315,-0.661072881,0.053135333,0.518233389,0.405389419,3.526431651,0.027641198,2.648596817,0.509654095
pRamR-R2.2,1R-TIQ,0.8724945,0.509134459,4.08682,0.010182134,2.029515,0.012043277,2.031255,0.028999611,3.211895,0.50934403,0.9826975,0.088313125,1.726562266,0.163865898,2.114791015,0.506551668,4.068154445,0.008756556,3.194557951,0.509245174
pRamR-R2.2,1S-TIQ,0.8724945,0.509134459,4.623925,0.289054302,3.34246,0.157910727,2.09746,0.082236032,3.764805,0.593514941,-0.9822375,0.160761934,-1.053943866,0.157471696,0.260997292,0.316355626,3.261403787,0.022756114,2.385990682,0.507912204
pRamR-S1.1,1-DIQ,2.08616,0.066243392,4.09893,0.531066645,3.127025,0.418213667,1.690715,0.326364307,2.02159,0.537824529,-0.726,0.432906899,-0.984903545,0.047397795,0.081399861,0.047852852,3.310712116,0.125269117,1.229663456,0.135557238
pRamR-S1.1,1R-TIQ,2.08616,0.066243392,4.476235,0.321260437,3.063405,0.239165154,1.775735,0.179769614,2.39586,0.336209809,-0.6407,0.315161838,-0.880337153,0.039067103,0.154286699,0.050926275,3.73331714,0.060906966,1.64842208,0.084034177
pRamR-S1.1,1S-TIQ,2.08616,0.066243392,4.68736,0.026780514,1.739175,0.035784442,2.12599,0.115886614,2.60212,0.072453101,1.351885,0.246138799,1.865932758,0.046673408,1.985393946,0.069716575,4.683251465,0.025661626,2.598042434,0.071942727
pRamR-S1.2,1-DIQ,2.2357,0.030054108,3.365055,0.39843038,2.781675,0.457992108,1.339615,0.221561147,1.13581,0.40414186,-0.127965,0.469652544,-0.637933539,0.020905018,0.092223765,0.025319685,3.044068213,0.043695468,0.809068165,0.051705009
pRamR-S1.2,1R-TIQ,2.2357,0.030054108,4.560185,0.315170996,3.41316,0.250690201,1.52409,0.105855192,2.32446,0.318697407,-0.99062,0.331851953,-0.624032284,0.019989496,0.100811335,0.020291822,3.458021125,0.032770389,1.222663282,0.040218252
pRamR-S1.2,1S-TIQ,2.2357,0.030054108,4.54859,0.016918686,1.954735,0.020110476,2.049365,0.047565662,2.313565,0.035165077,1.15808,0.265991165,1.2623182,0.023022313,1.358494322,0.031771539,4.535814664,0.015321072,2.30070231,0.034275282
pRamR-S2.1,1-DIQ,2.01292,0.04482422,4.51566,0.28271357,3.08505,0.178721223,1.961355,0.119277308,2.512215,0.288778168,-0.804235,0.191000073,-1.18134057,0.023373384,0.099810475,0.022605031,3.694965107,0.041614506,1.683057368,0.057728538
pRamR-S2.1,1R-TIQ,2.01292,0.04482422,4.59776,0.250239295,3.101785,0.154444974,2.01414,0.111081964,2.59129,0.25908193,-0.82659,0.174458565,-1.190207775,0.024141801,0.093339788,0.020559469,3.733093696,0.034043189,1.720990615,0.053706281
pRamR-S2.1,1S-TIQ,2.01292,0.04482422,4.74069,0.009980795,1.465905,0.016553151,2.17404,0.08562852,2.72834,0.045715536,1.6284125,0.122387047,2.371813372,0.035487484,2.468543189,0.046721837,4.739833743,0.009797067,2.727435221,0.045685611
pRamR-S2.2,1-DIQ,2.10606,0.044621145,4.51588,0.227732471,2.865015,0.150283295,2.08204,0.139207049,2.414655,0.236656656,-0.8242725,0.157134813,-1.205806626,0.02936668,0.140009151,0.032126087,4.008123181,0.049629766,1.901837036,0.063779124
pRamR-S2.2,1R-TIQ,2.10606,0.044621145,4.62153,0.158208533,2.817515,0.106249045,2.06519,0.100457004,2.51844,0.17166941,-0.753585,0.12675275,-1.093991988,0.026451293,0.215596538,0.035533554,4.18284447,0.040049224,2.076784061,0.05957559
pRamR-S2.2,1S-TIQ,2.10606,0.044621145,4.69454,0.013723186,1.25746,0.02402751,2.18212,0.227739929,2.58977,0.046963748,1.58579,0.097514256,2.300757138,0.030830374,2.478031715,0.04674081,4.69416828,0.013490666,2.589393568,0.046876796
pRamR-S2.3,1-DIQ,2.066555,0.033764777,4.480725,0.038474485,2.42172,0.033514948,2.124415,0.060643396,2.41506,0.053496873,-1.16345175,0.034407829,-1.40499843,0.01909125,0.590003981,0.033450554,4.381558247,0.023430788,2.315613876,0.042180866
pRamR-S2.3,1R-TIQ,2.066555,0.033764777,4.690285,0.015334066,2.13366,0.01614872,2.09485,0.033663527,2.624355,0.03779305,-0.73181225,0.023036971,-0.329429923,0.012192989,1.306794629,0.033907724,4.662609652,0.012849694,2.596945171,0.036599295
pRamR-S2.3,1S-TIQ,2.066555,0.033764777,4.75177,0.004245309,0.3819475,0.008244024,2.02862,0.026886835,2.685155,0.033882663,1.895579,0.020523511,1.734462055,0.011277696,2.682758071,0.033858658,4.751760298,0.004244755,2.685146109,0.033882306
pRamR-S2.4,1-DIQ,2.01469,0.036925939,4.296735,0.09484193,2.691235,0.067265758,2.09284,0.07335864,2.28339,0.102527423,-0.6196675,0.081237825,-1.1711634,0.018818766,0.211377841,0.022440318,4.004792723,0.028776794,1.990753484,0.046483761
pRamR-S2.4,1R-TIQ,2.01469,0.036925939,4.64792,0.162447448,2.960435,0.099168006,2.07691,0.060572424,2.63637,0.168586768,-1.0197275,0.102771153,-1.266495566,0.019344752,0.148053884,0.016818105,3.996508125,0.019788007,1.98222566,0.041274901
pRamR-S2.4,1S-TIQ,2.01469,0.036925939,4.71728,0.004755522,1.185365,0.007198677,2.06328,0.020977671,2.70303,0.037046148,1.64329,0.061931837,2.437253505,0.02526409,2.616877976,0.036926888,4.71693998,0.004738312,2.702705991,0.037043526
pRamR-S1.3,1-DIQ,2.026005,0.039601045,4.134925,0.51114442,3.29244,0.32869713,1.96586,0.241589857,2.114175,0.515835785,-0.5927575,0.339324493,-0.515831581,0.021998582,0.017871365,0.008995789,2.997940178,0.045759387,0.972218886,0.057372097
pRamR-S1.3,1R-TIQ,2.026005,0.039601045,4.47954,0.313521553,3.143415,0.195166787,2.010785,0.12496041,2.4543,0.318481134,-0.3664225,0.2508566,-0.453874748,0.018321011,0.059899408,0.014413735,3.548818688,0.030937003,1.523131696,0.048847986
pRamR-S1.3,1S-TIQ,2.026005,0.039601045,4.617675,0.026936735,2.262675,0.024515679,2.133495,0.045637278,2.59226,0.049269222,0.957035,0.193983425,0.969692308,0.0345159,1.008998799,0.039479221,4.569675101,0.02079269,2.543211599,0.045556788
pRamR-S1.4,1-DIQ,2.55759,0.025441475,4.66151,0.03412467,2.21157,0.040467446,1.75027,0.060801359,2.105955,0.044357242,-0.0348475,0.057186955,-0.169444562,0.016966299,0.89961014,0.030083977,4.605180798,0.024426775,2.048373046,0.036106035
pRamR-S1.4,1R-TIQ,2.55759,0.025441475,4.84367,0.090381875,2.762145,0.079377467,1.686285,0.061690247,2.28861,0.098373897,-0.861085,0.081938814,-0.934401586,0.018600923,0.389927876,0.029332257,4.485529811,0.027946349,1.928759884,0.037192841
pRamR-S1.4,1S-TIQ,2.55759,0.025441475,4.69618,0.0142826,1.591615,0.022298857,1.972765,0.081644965,2.13976,0.029308287,0.894365,0.050120117,1.104491404,0.016801068,1.748764148,0.028577872,4.693467948,0.013704693,2.136793396,0.029019806
pRamR-WT,1-DIQ,1.98762,0.061713358,4.573835,0.024206307,2.058625,0.024507457,2.29002,0.069819573,2.585965,0.068099125,0.226925,0.034219145,0.375369905,0.021106329,1.316341814,0.065067588,4.559238415,0.021797904,2.571357855,0.066771572
pRamR-WT,1R-TIQ,1.98762,0.061713358,4.54478,0.057916546,2.496075,0.043943231,2.23735,0.078508993,2.559045,0.092416753,-0.4294025,0.046483111,-0.845175824,0.027387642,0.502320714,0.059116552,4.413918627,0.032167654,2.426799444,0.072202067
pRamR-WT,1S-TIQ,1.98762,0.061713358,4.645585,0.021834084,2.07446,0.021035567,2.239375,0.054170312,2.65951,0.067548456,0.2028925,0.03218504,0.469450436,0.019668135,1.379142524,0.063414464,4.628589102,0.019628064,2.642011264,0.066342491
